run_index,seed,best_validation_epoch,validation_macro_f1,test_acc,test_pre_macro,test_recall_macro,test_f1_macro,test_auc_macro
1,7,95,0.9303363074811256,0.8916256157635468,0.869115776081425,0.8913556654676259,0.8783769063180829,0.9455935251798562
2,8,97,0.9248683274021352,0.8817733990147784,0.8583545377438507,0.8799460431654677,0.8673202614379085,0.9423336330935252
3,9,61,0.9248683274021352,0.8817733990147784,0.8580033521893987,0.8841614208633093,0.8682673588578844,0.9403102517985611
4,10,39,0.9140631614596563,0.8916256157635468,0.8684728553667633,0.8997864208633093,0.8800751879699248,0.9504271582733813
5,11,53,0.9079365079365079,0.896551724137931,0.8738020833333333,0.9033835431654677,0.8851345889580471,0.9504271582733813
6,12,100,0.9133096085409252,0.8916256157635468,0.869115776081425,0.8913556654676259,0.8783769063180829,0.9406474820143884
7,13,94,0.9194444444444444,0.896551724137931,0.8741833508956797,0.8991681654676259,0.884324206984506,0.9463803956834532
8,14,38,0.9087230215827338,0.8817733990147784,0.8580033521893987,0.8841614208633093,0.8682673588578844,0.9459307553956835
9,15,74,0.9133096085409252,0.8866995073891626,0.8634878819810327,0.8877585431654677,0.8733074647925542,0.9473920863309353
10,16,45,0.9140631614596563,0.8817733990147784,0.8580033521893987,0.8841614208633093,0.8682673588578844,0.9445818345323741
